abc	748
abq	511
ack	549
acr	676
afw	456
agc	625
agp	607
ags	833
agt	583
ajk	268
ajm	421
alh	547
aln	828
als	864
amr	480
aoc	505
apx	762
aqg	384
ard	846
awm	454
awq	166
bbk	580
bbm	869
bby	222
bez	366
bgv	259
bhh	663
bhu	298
bhw	736
bhx	229
biv	528
biv	623
bjx	212
bki	937
bkj	424
blz	409
bmg	538
bnu	574
bob	831
brb	324
bsb	543
bts	198
btt	595
buh	369
bwj	605
bxs	300
cbl	529
ccq	821
cct	301
cdr	964
cfe	945
cfx	883
cgm	750
cgs	153
chi	199
chm	713
chs	724
cii	246
cip	199
ckt	792
clz	102
cme	546
cmi	709
cmt	562
cow	837
cox	132
cpq	739
cqn	812
cra	187
cre	777
crg	820
crj	303
csh	428
csn	212
csy	124
ctd	131
cup	892
cut	828
cvg	532
cvj	672
cvx	210
cwh	981
cwp	519
cwq	557
czo	261
daq	256
dcz	770
dde	483
dfb	263
dfr	296
dgm	993
dhg	158
dia	310
dia	444
dij	142
dit	406
djq	102
djt	956
dli	287
dnz	946
dob	416
dok	577
dom	704
doy	531
dup	778
duw	114
duy	537
dvh	903
dvl	344
dyi	671
ebg	403
edo	377
edo	546
eew	542
efd	989
egw	505
egy	850
eha	329
ejw	736
eki	728
ekz	752
elj	828
elu	213
elu	321
emz	541
epc	646
eqk	738
erb	564
erw	625
evw	950
ewh	411
ewv	668
ewz	256
ewz	451
exc	925
exr	304
eyf	629
ezq	260
fbq	881
fco	573
fdj	801
fdn	127
fdp	487
fdw	336
fee	347
fee	434
fej	385
fev	546
ffb	493
ffd	775
ffu	202
fgs	577
flt	967
fna	794
fnz	799
fok	727
fqa	492
fqo	152
fqu	241
fqz	585
frz	731
ftp	285
fux	581
fvi	650
fvj	581
fvk	242
fya	260
fzz	375
gap	147
gbf	964
gdb	877
gdh	937
gfl	236
gfs	301
ghd	564
ghe	814
gjg	726
glo	720
gnu	525
gof	114
gow	412
gpf	876
gqq	185
gqy	161
gtf	914
gui	576
guz	876
gvc	477
gwr	512
gxk	402
gxm	656
gzc	629
gze	427
gzf	161
gzo	205
hac	729
han	377
hbe	381
hbg	221
hbj	854
hcu	963
hdy	299
heg	238
hfc	897
hfu	844
hfv	401
hfw	497
hhe	281
hiw	495
hjx	821
hke	167
hlh	250
hlv	129
hmn	125
hnb	789
huu	939
hux	943
hwb	408
hwi	493
hxf	491
hxi	218
hxl	126
hxn	713
hzy	177
ibe	344
icv	773
ieb	531
igg	202
ihj	121
iij	572
iim	844
ikk	140
ikq	770
ilh	400
ilx	229
int	424
inw	446
itn	273
ivn	572
ivt	642
jaa	823
jab	882
jai	715
jay	155
jbu	741
jdp	837
jet	240
jet	818
jhb	795
jjt	849
jjw	280
jkd	678
jkg	462
jki	284
jls	216
jmd	855
jnu	568
jpd	499
jtt	198
jup	183
juv	346
jwf	464
jwj	357
jxk	495
jzc	748
jze	955
kaf	779
kak	117
kam	286
kas	608
kax	977
kay	838
kdn	541
kgf	513
khy	132
kll	631
kmg	192
kol	461
kqo	660
krn	117
ksh	795
ktr	274
kus	682
kuu	590
kuw	551
kwa	850
kwn	704
kwt	554
kxi	278
kya	646
laq	313
lbq	685
lcm	232
led	691
lex	509
lez	199
lgd	887
lgu	400
lhh	352
lim	471
lio	868
liu	346
ljg	367
lkt	183
llz	501
lmw	515
lnu	489
lob	639
lpl	940
lqk	863
lrd	180
lsl	463
lsl	494
lsy	541
lvq	466
lxh	126
mac	100
mbl	225
mds	408
mdv	702
mdz	855
mee	743
mef	236
mek	196
mgp	713
mib	272
mij	728
mio	649
mjb	547
mln	220
mlv	706
mnj	572
mpe	449
mre	585
mrt	847
msh	943
mtm	243
mvj	276
mvj	631
mxv	382
mze	328
nbe	143
nbs	203
nde	387
ndh	326
nfi	464
nfk	923
nhm	471
nii	601
nke	853
nmp	177
noh	486
nqs	885
nxs	771
nye	218
nyl	544
nym	734
nzw	988
oar	316
oaw	439
obi	794
oca	261
ocb	977
ocm	755
ocp	521
oeh	165
oeu	192
ogh	456
ohg	524
ohr	477
oku	930
olq	528
omt	753
onn	277
onw	626
ony	491
oor	283
oqh	984
oqm	164
oqm	359
oro	369
ory	314
osa	984
ose	291
ose	769
osl	578
ott	354
ovl	226
ovm	769
ovx	957
owj	888
oxg	144
ozb	582
pay	960
pdd	945
pdh	479
pev	247
pks	115
plt	609
pmr	217
pmv	231
pnu	300
pqm	146
pqo	320
pre	100
ptb	888
pvy	722
pwj	651
pzn	636
qar	143
qbn	647
qcf	260
qch	774
qdy	739
qhc	401
qhr	793
qih	770
qld	202
qlv	700
qqs	612
qqt	900
qrx	939
qsz	483
qta	541
qtc	922
qyw	282
rav	839
rdn	752
ren	291
rfk	736
rhq	341
riq	917
rku	582
rlv	284
rlz	667
rnk	841
rnz	662
roq	526
rpe	621
rph	678
rqy	688
rxn	381
rzl	143
rzm	387
saj	230
sbg	674
sfr	978
sft	264
sgp	923
sgv	281
she	875
shv	531
sid	585
sjb	858
sjl	546
sjo	698
skf	332
sks	812
slm	451
slt	868
slu	193
slu	829
smd	160
sml	737
snx	154
srp	173
stm	105
str	357
suy	801
swl	123
tbb	943
tbr	581
tco	361
tcz	607
tfi	938
tgf	290
thf	110
thf	926
tio	357
tip	247
tit	395
tix	891
tjn	317
tkz	128
tmt	505
tnh	526
tni	910
tpy	341
tpy	445
tqt	476
trl	222
ttf	540
tus	813
tvv	432
tyf	262
tyh	828
uap	253
ubq	331
ucv	862
udb	239
ueb	864
uee	160
ufm	958
ugs	199
uhr	863
ujj	283
ukf	515
ukv	259
ukz	730
ukz	789
ulm	632
umc	749
uof	566
uoi	708
upd	844
upn	656
urm	842
utb	951
uuc	232
uug	753
uvc	957
uvd	157
uwv	951
uxq	886
uxz	618
uzc	148
vbh	913
vdz	360
veu	375
vhn	869
vie	945
vii	246
vix	579
viy	626
vna	827
vof	232
vop	499
vrk	741
vrl	648
vso	959
vtv	964
vuf	615
vuh	526
vvv	844
vvz	668
vxj	779
vzr	437
vzw	724
waf	954
wbd	582
wbq	192
wdz	975
wfj	585
wfy	396
whz	557
win	741
wis	793
wkw	678
wnq	145
wnr	480
wqf	483
wrc	835
wro	432
wux	339
wvr	128
wxa	703
wxh	433
wxy	262
xah	381
xbd	930
xcg	299
xcg	680
xci	842
xdi	713
xdk	924
xea	241
xeo	332
xgj	713
xgl	164
xgs	725
xhg	803
xhq	519
xja	561
xkq	442
xlt	216
xlv	685
xlx	606
xmq	449
xoi	812
xrs	603
xse	825
xug	440
xuj	337
yar	971
ych	828
yds	511
ydz	219
yjn	390
ykb	353
ylb	355
ymo	329
ync	494
ynk	949
ynq	136
yod	598
yoo	106
yov	247
ypa	603
yqa	886
yuc	135
yxh	939
yyb	267
zai	893
zbu	682
zdr	801
zdt	969
zec	622
zfo	166
znu	228
zot	503
zpl	734
zrd	579
zrq	765
zsp	609
zta	367
ztt	877
zux	359
zvs	906
zvv	708
zwh	709
zwi	164
zys	809
zyx	866
